amount,is_foreign,prev_frauds,hour,channel,label
93.85361799537182,0,0,21,in-store,0
602.0242861835042,0,0,4,online,0
263.34913870908986,1,1,9,in-store,1
182.58851075519064,0,0,22,in-store,0
33.924974092469256,0,0,16,online,0
33.919258382921036,0,0,11,in-store,0
11.967753721736136,0,0,22,online,0
402.2461728959879,0,0,15,in-store,0
183.8164307254529,0,0,2,online,0
246.25001234091806,0,0,21,online,0
4.159861599827725,0,0,8,mobile,0
700.7114950316624,1,1,14,online,1
357.285908670935,1,0,4,in-store,0
47.7375250497894,0,0,22,online,0
40.13579774993267,0,0,12,online,0
40.52228456645141,1,1,13,online,1
72.55074589209542,0,0,19,online,0
148.7855661721709,0,1,14,online,0
113.10741335606733,1,1,15,online,1
68.8445985107883,0,0,22,online,0
189.27417477995974,0,0,12,online,0
30.046905745467733,0,0,16,mobile,0
69.10310240048045,1,1,22,mobile,1
91.2554436441694,1,0,7,online,0
121.78693757195501,1,0,20,in-store,0
307.5872022061824,0,0,1,online,0
44.547172425738054,1,0,4,in-store,0
144.40583100662553,0,1,5,in-store,0
179.5009442619521,0,0,11,mobile,0
9.51276995128171,0,0,17,online,0
187.066604129922,0,0,21,in-store,0
37.39225039548329,0,0,21,online,0
13.452786175860847,0,0,0,mobile,0
594.7375587013862,0,1,16,online,0
674.1260684922345,0,0,10,in-store,0
330.46631456257535,0,0,9,in-store,0
72.65757199375166,0,1,18,in-store,0
20.55546300050125,0,0,13,online,0
230.55015261973236,0,0,9,mobile,0
116.01816851707967,0,0,14,online,0
26.030446790889727,0,0,18,in-store,0
136.70944562683002,0,0,3,online,0
6.998744288695817,0,0,1,online,0
480.08457747860473,0,0,8,online,0
59.89155536813722,1,1,9,online,1
217.25115971299607,0,0,10,online,0
74.70931633152473,0,0,13,online,0
146.8221791818457,0,0,6,online,0
158.2447595963595,1,0,22,in-store,0
40.87771990158115,0,0,14,mobile,0
698.5614265472453,1,0,21,online,0
298.44907542762815,0,0,18,online,0
561.0188838583165,1,0,21,online,0
450.4303995068393,0,0,14,online,0
182.210882476655,1,0,23,in-store,0
509.887075853881,0,0,7,in-store,0
18.531091790623126,0,0,10,online,0
43.62693892625349,0,0,8,online,0
9.256393137366391,0,0,14,online,0
78.70641736061737,0,0,0,in-store,0
98.42605835884372,1,0,0,mobile,0
63.31208864176514,1,0,18,online,0
352.91157304818677,0,0,2,online,0
88.24539990597403,0,1,9,mobile,0
65.96056802684984,0,1,7,mobile,0
156.4814166415492,0,0,14,online,0
30.37962956412577,0,1,9,online,0
324.09671915494624,0,0,0,online,0
15.495173762261802,0,0,17,online,0
866.8292679174639,0,0,1,online,0
295.89675524830227,0,1,18,online,0
44.30788810117719,0,0,12,online,0
1.107484075187095,0,0,21,online,0
337.9793554972252,0,0,0,in-store,0
245.41918147740893,1,1,1,online,1
261.1325817575998,0,0,15,online,0
295.0429052087027,0,1,14,online,0
15.38585310275927,0,0,12,online,0
88.7785344832465,0,0,15,mobile,0
24.63002092088993,1,0,16,online,0
397.7059143316445,0,0,20,online,0
195.26023834247482,0,0,6,in-store,0
80.3637602502602,0,0,23,online,0
13.133613160956578,1,0,16,mobile,0
74.49767008207074,1,1,6,online,1
78.66284263682627,0,0,12,online,0
261.5751567915482,0,0,4,online,0
202.977871785204,0,0,16,online,0
436.45038248030295,1,0,2,in-store,0
127.81322667526196,0,1,6,in-store,0
25.47447872310038,1,0,16,online,0
249.82526886331988,0,1,6,online,0
286.0785506153728,0,0,20,in-store,0
164.77749897716575,0,0,0,mobile,0
294.7779933442729,0,1,16,online,0
136.1629463020556,0,0,16,online,0
147.9357677554534,0,0,10,online,0
111.56283878168547,0,0,2,mobile,0
5.149554798022746,0,0,14,online,0
22.833487038373168,0,1,20,online,0
6.386736258610765,0,0,10,in-store,0
202.3459101855099,1,1,15,online,1
75.47934175901997,1,1,21,online,1
142.08743542683803,1,0,8,online,0
476.2531059691951,1,0,23,online,0
57.347764596659665,0,1,23,online,0
105.65639497653451,0,0,0,online,0
281.7498295077167,0,0,21,online,0
51.961031383478804,0,0,15,online,0
16.020855710035274,0,0,8,in-store,0
68.42806077741142,0,0,18,in-store,0
35.16167170001257,0,1,11,online,0
530.990017176125,0,0,18,online,0
330.1774160969139,0,0,21,online,0
200.69883810410622,0,1,8,online,0
410.3039461041626,0,0,6,online,0
325.5937881481113,0,0,13,in-store,0
41.299095271727815,1,0,18,online,0
446.1626810471122,0,0,18,online,0
155.0199803932344,0,1,1,online,0
329.46965826071323,1,0,8,in-store,0
452.84852985724626,1,0,12,online,0
76.5461432836637,1,1,14,in-store,1
23.318432024770168,0,0,2,online,0
51.73734922787627,0,0,10,mobile,0
111.41153854972288,0,1,20,mobile,0
340.765945327789,0,0,13,online,0
394.26899437596666,0,0,7,online,0
1.3952818363301294,0,0,17,online,0
142.97523186771116,0,0,18,online,0
108.05466418373426,0,0,15,in-store,0
50.2334676551649,0,0,1,in-store,0
25.536078309129362,0,0,7,in-store,0
82.38171597248649,0,0,21,in-store,0
572.6242245382299,0,1,5,online,0
78.07676057629487,0,1,11,online,0
146.2905611520304,1,0,14,in-store,0
242.81739537617096,0,0,7,online,0
90.39489979339247,0,0,3,in-store,0
713.5596276583399,0,0,14,online,0
656.4019729082796,0,0,19,online,0
58.012258998441055,0,0,16,mobile,0
137.53185569276945,0,1,12,online,0
71.58609201580936,0,1,17,mobile,0
67.04993527621635,0,0,1,mobile,0
7.516895553104506,1,0,12,in-store,0
188.09841419651863,0,0,12,in-store,0
139.7039265659277,0,0,21,online,0
10.570217476078495,1,0,14,mobile,0
65.32518420207387,1,0,19,online,0
477.77219021786806,0,0,9,online,0
54.77211042841541,0,0,2,in-store,0
31.30617219709395,0,1,18,online,0
134.45442189472726,0,0,2,online,0
848.8073965230519,0,0,21,online,0
55.42896271194524,0,0,13,online,0
223.03100205945867,0,0,7,mobile,0
286.7775252478926,1,1,22,online,1
54.266634467161154,1,0,3,mobile,0
260.5497856984632,0,0,19,in-store,0
91.7045598528608,0,0,10,in-store,0
200.10074954635425,0,0,10,online,0
200.76756542752764,0,1,10,in-store,0
153.47704999046977,0,0,1,online,0
18.92583176232419,0,1,16,in-store,0
360.7289588492594,0,0,8,online,0
77.36205873347932,0,0,1,mobile,0
41.286421321511305,0,0,23,mobile,0
8.325951958869041,0,1,14,online,0
178.75568091891668,0,1,15,online,0
226.37034685346978,0,1,3,in-store,0
3.345389511694124,1,0,7,online,0
143.52611690989767,0,0,8,mobile,0
51.36482941099153,0,1,4,online,0
207.22486830953838,0,0,15,online,0
38.32084450782675,0,1,12,mobile,0
234.8425055135438,0,1,6,in-store,0
97.79174019622036,0,0,19,in-store,0
552.0687635608614,0,0,16,online,0
29.58888268785579,0,0,2,in-store,0
83.42648679903435,1,0,4,online,0
24.088857007399284,0,0,18,in-store,0
517.2380794301447,0,0,11,in-store,0
419.6667414321988,1,0,6,online,0
59.66547401229778,0,0,8,online,0
215.7525478087829,1,0,5,online,0
339.89681452784424,0,0,16,in-store,0
162.02647213730162,0,0,15,online,0
150.85588203878922,0,0,22,in-store,0
55.37540908758063,0,1,2,online,0
19.545228094988147,0,0,20,in-store,0
455.02464503890457,0,0,3,in-store,0
461.35488552968536,0,1,9,online,0
200.53398389657696,0,0,4,online,0
82.80930196226478,0,0,20,online,0
85.91352316232879,1,0,21,in-store,0
258.8930859454236,1,0,9,in-store,0
454.81946982145047,1,0,11,online,0
436.2265138793226,0,2,9,in-store,0
302.7124383861806,0,0,12,online,0
205.462138713541,0,1,10,online,0
17.578345239216812,0,0,21,mobile,0
35.2588429366823,0,0,15,online,0
457.64610003550115,0,1,7,online,0
186.4987893931179,0,1,7,online,0
1.8479211221988818,0,0,7,online,0
21.399380287189864,0,0,12,online,0
217.8324774580482,0,0,1,online,0
1.0148874103594006,0,0,11,in-store,0
35.06316322083981,1,0,9,online,0
159.13956922778632,0,0,11,online,0
235.46305733096253,0,0,10,online,0
211.08829642704973,0,1,14,online,0
50.7899734616049,0,0,15,in-store,0
249.08345777970777,0,0,16,mobile,0
54.164751810561185,0,0,1,online,0
78.72698178361689,0,0,17,mobile,0
274.4715103331581,0,0,11,online,0
209.75476286055363,0,0,18,online,0
378.3912154926802,0,0,22,online,0
214.3626576339525,1,0,17,online,0
168.0088611174515,0,0,16,online,0
19.671412289682095,0,0,5,in-store,0
91.68326144140401,1,1,14,online,1
61.63202957176623,0,0,2,mobile,0
55.940040732484256,0,0,5,online,0
722.4618812325851,0,0,2,online,0
99.87749940800475,0,0,0,in-store,0
445.2110422497046,1,0,12,online,0
199.46687714729663,0,0,20,online,0
316.76505053767994,1,0,13,in-store,0
139.6870648777541,0,0,12,mobile,0
172.031180528317,0,0,3,in-store,0
135.6586866683387,0,0,6,in-store,0
43.4429790650477,0,1,21,in-store,0
256.3523606131608,0,0,9,mobile,0
65.91547367325259,1,0,6,online,0
4.9232962161377225,0,0,20,online,0
207.39375725905478,1,0,14,online,0
38.986714044964536,0,0,14,online,0
564.2166294546606,1,0,3,in-store,0
615.5124825576047,0,0,22,in-store,0
492.7019769267683,0,0,22,online,0
92.45747929947335,0,0,5,online,0
3.1154630743888765,0,0,23,in-store,0
527.104691466378,0,0,19,online,0
111.78765541061226,0,0,4,in-store,0
680.1684032244112,0,0,19,online,0
662.7470952260411,1,0,11,online,0
383.4774034358838,0,0,0,online,0
69.75521363443205,0,0,7,online,0
97.25838641973871,0,1,0,in-store,0
380.94533049561596,0,0,4,mobile,0
76.22924628614342,0,0,21,in-store,0
37.14372325915096,0,0,5,online,0
162.74739841204556,0,0,20,online,0
550.2586941614084,0,0,2,in-store,0
238.16511955158742,0,1,14,in-store,0
168.8224672871311,0,0,4,online,0
20.445639469864577,0,1,23,online,0
190.90614310354354,0,0,13,in-store,0
922.1139495692635,0,0,17,online,0
30.18411732845283,0,0,15,online,0
146.09906499630074,0,0,5,online,0
419.72172758015887,0,1,23,online,0
270.006849670734,0,0,13,mobile,0
238.8148850603346,0,0,23,mobile,0
242.45751124489797,0,1,7,online,0
89.09846846298983,0,1,6,online,0
69.51241685341904,0,0,7,online,0
331.47490145194246,0,0,12,online,0
332.26563981740577,1,0,5,online,0
403.590009473583,0,0,17,in-store,0
488.92319236732726,0,0,1,online,0
143.21864738658076,0,0,7,online,0
139.23687551023986,0,0,10,online,0
320.1899864616975,0,0,0,online,0
209.94381497756004,1,0,21,online,0
242.1101297023034,0,0,5,online,0
317.72389499084096,0,0,15,mobile,0
441.4646952693534,0,0,19,online,0
82.49648142753084,0,0,11,online,0
94.18735774551126,0,0,10,mobile,0
19.73920783747211,0,0,9,mobile,0
172.68280532188695,0,0,2,online,0
7.3208208421714,0,1,12,in-store,0
125.32138963642193,0,0,2,online,0
156.4589171374252,0,0,14,online,0
67.5261320629045,0,0,15,online,0
178.72650602923505,0,0,12,in-store,0
6.195012420294909,0,0,16,in-store,0
7.612699856557876,0,1,2,online,0
345.87027390762717,0,1,19,online,0
89.31700484154894,0,0,10,in-store,0
27.177808259485598,0,1,20,online,0
147.73071765580312,0,0,18,online,0
293.92958808914705,0,0,21,in-store,0
48.62360068598067,0,0,10,in-store,0
195.04392373129858,0,0,15,in-store,0
17.842205797979457,0,0,20,mobile,0
10.613019182061882,0,0,2,online,0
151.5817881251042,1,0,21,in-store,0
155.58208853894843,0,0,5,in-store,0
202.9074896409232,0,0,13,online,0
258.99211258333685,0,0,23,online,0
744.7114017399986,1,0,17,online,0
145.25822384607125,0,0,16,online,0
78.00394282119576,0,0,3,in-store,0
317.13079594653726,0,1,22,in-store,0
63.170293087227456,0,0,14,online,0
115.59668625466027,0,0,10,online,0
16.34103371673398,1,0,2,mobile,0
5.1355219082948755,0,0,2,online,0
657.4759846537204,0,0,15,online,0
361.5535284230125,0,0,4,online,0
238.1285465598683,0,0,20,online,0
105.17192889302838,0,1,9,online,0
38.06130722842175,0,1,18,online,0
34.02414831457083,0,0,3,online,0
57.60119782531672,0,0,18,online,0
159.35812966266292,0,0,10,online,0
250.76985755535514,0,0,1,online,0
215.8780699393597,1,0,9,in-store,0
65.68245227779919,0,0,10,in-store,0
619.6206997112613,1,0,19,online,0
267.80348097504526,0,0,15,online,0
161.64609638626627,0,0,18,in-store,0
189.206094407487,0,0,22,online,0
108.80757310641027,0,1,23,online,0
56.932258454812704,0,0,10,in-store,0
88.00282586462248,0,0,13,mobile,0
283.6363695513426,0,0,1,in-store,0
2.899615944160855,0,0,22,online,0
24.67607844799521,1,0,4,in-store,0
9.418875390504105,1,0,4,online,0
8.316290383458485,0,0,18,in-store,0
386.8406067231317,0,0,20,online,0
243.24812234013766,0,0,11,online,0
128.5569188825785,0,0,17,in-store,0
20.59138368956265,0,0,3,online,0
135.30359315944665,0,0,21,online,0
128.29006641887423,0,1,16,mobile,0
38.038942560044994,1,0,9,online,0
113.77982626046477,0,0,19,online,0
101.66732291664138,0,0,5,online,0
191.3444865826269,0,0,13,in-store,0
201.62290720818243,0,0,10,in-store,0
9.272464804106946,0,1,10,online,0
93.87680093101231,1,0,17,in-store,0
196.6249989565457,0,0,22,online,0
139.88789052155795,1,0,21,in-store,0
388.26989063508773,0,0,17,online,0
214.99495281099956,0,0,23,online,0
35.57057375346147,0,0,22,mobile,0
14.636487251248168,0,0,10,online,0
205.67882942177823,1,0,20,online,0
5.373814533478885,1,1,11,online,1
176.26947556145814,0,1,4,mobile,0
563.4510910774304,0,1,22,online,0
171.35648911550888,0,1,8,online,0
98.26013844478145,1,0,8,online,0
206.16543156899638,0,1,21,online,0
122.59119481021825,0,0,9,online,0
157.76287211526403,0,0,21,in-store,0
567.6254292465999,0,0,18,mobile,0
97.58550547003743,0,0,0,online,0
649.8183723013508,0,0,6,online,0
471.51523675398386,1,0,3,online,0
43.57925218809,0,0,0,online,0
14.376831060631403,0,1,14,mobile,0
21.245067096326043,1,0,7,online,0
3.6779775694467407,0,0,11,online,0
19.84100233115083,1,0,21,in-store,0
229.77497451543343,0,0,21,online,0
14.769925389285405,0,0,17,in-store,0
76.8314376589737,1,0,14,online,0
372.7052080194554,0,1,16,in-store,0
4.709400636142302,0,0,13,mobile,0
336.9061012371917,0,0,13,in-store,0
66.2166933679259,0,0,17,mobile,0
25.15002396582153,0,0,19,online,0
238.6310816879827,0,0,17,online,0
198.27983528664404,1,0,15,in-store,0
419.88316281738935,0,0,0,online,0
265.6587157528801,0,2,22,online,0
325.39916119879564,0,0,10,online,0
66.26677246134771,0,0,14,online,0
39.06665920808939,0,0,11,online,0
277.75127920108497,1,0,7,online,0
328.8418366486839,0,0,21,in-store,0
931.4009780280461,0,0,19,online,0
106.415870830521,0,0,5,online,0
93.04878239234654,0,0,2,online,0
299.5909006687174,0,2,23,online,0
83.34673418615063,0,0,12,mobile,0
534.0275848798652,0,1,12,online,0
390.96783143324984,0,0,1,online,0
112.07112188843193,0,0,4,in-store,0
277.95694329909225,0,0,16,online,0
280.9265973710034,0,0,5,online,0
21.767503761343605,0,2,1,online,0
465.6891361735264,0,0,3,mobile,0
140.74149795135088,0,1,21,online,0
350.266511504666,0,1,10,online,0
77.14708523290166,0,0,7,online,0
451.75810290918525,0,0,11,online,0
98.59769081203424,0,0,7,online,0
2.1793613230350957,0,0,10,online,0
471.58145939249073,0,0,21,online,0
19.145122109695052,1,0,19,mobile,0
76.93072667700778,0,0,7,in-store,0
599.3944766376571,0,0,7,online,0
601.5899080207979,0,2,16,in-store,0
170.39945821105275,0,1,19,online,0
199.84601607810492,0,0,19,online,0
119.00293272457152,1,1,22,in-store,1
69.4045557492394,0,0,15,in-store,0
79.69726691007794,0,1,13,in-store,0
223.26471598570126,0,1,10,online,0
279.16757473261544,1,0,6,mobile,0
313.6390832442297,0,1,15,online,0
311.7662063697483,0,0,12,mobile,0
19.12738930806389,0,0,14,mobile,0
136.40991931467119,0,1,23,online,0
11.856341289747558,1,0,15,in-store,0
159.49226313907857,1,0,20,online,0
116.51105499745671,0,0,22,online,0
437.32373284416025,1,0,23,online,0
86.43832389357702,0,0,8,online,0
24.901195510490172,1,0,2,mobile,0
30.861530908423873,0,0,18,in-store,0
286.68610941581875,0,0,19,online,0
192.581135949607,0,0,4,in-store,0
21.32174244907709,0,0,9,mobile,0
17.571104333721017,0,1,16,online,0
241.44169433061995,0,1,14,mobile,0
15.109217905159428,0,1,22,online,0
345.03717076171625,0,0,7,in-store,0
244.999950626001,0,0,14,online,0
16.969750116062414,0,1,20,online,0
17.73077355556134,1,0,13,online,0
863.0917124116185,0,0,19,in-store,0
93.76751651045791,0,0,6,online,0
92.61105209506249,0,0,20,online,0
335.11508065653544,1,0,22,online,0
588.4329075926487,0,1,11,mobile,0
853.7547879203968,0,0,16,online,0
279.97984602326835,0,0,16,online,0
94.40419992382513,1,0,9,online,0
17.43879873959145,0,0,18,online,0
300.24850809092516,0,0,13,in-store,0
163.4720815122986,0,0,10,in-store,0
110.40662506099474,1,0,1,online,0
473.6475350956181,0,0,17,online,0
23.576041594376047,0,0,6,in-store,0
135.70102187459085,1,1,11,online,1
2.2837178865083336,0,1,1,in-store,0
126.47087391658525,0,0,19,in-store,0
11.590086213185154,0,0,17,in-store,0
25.298199186234243,0,0,5,online,0
25.005246401491256,0,0,23,online,0
209.5136772813943,0,0,9,mobile,0
274.11954351929455,0,0,19,online,0
175.1107554405737,0,0,14,in-store,0
654.9440418204754,1,0,4,online,0
93.95931558405344,0,0,19,in-store,0
67.29383148411175,1,0,2,online,0
405.90050763404594,0,0,4,online,0
50.61641354637067,1,0,7,online,0
660.5740212503822,0,1,7,in-store,0
2.4457888717938614,0,1,7,in-store,0
700.5053845758963,0,0,11,online,0
8.823799723700379,1,0,23,online,0
443.54424583200176,0,0,22,in-store,0
150.02865006987807,0,1,7,online,0
991.3657215852065,0,0,10,online,0
15.332275190890988,0,0,13,online,0
161.42193274666977,0,0,7,online,0
696.715044251201,0,1,23,online,0
148.0887866362088,0,0,9,online,0
198.52565807623748,0,0,6,online,0
237.98024762335484,0,0,16,online,0
121.22555113539018,0,0,3,online,0
197.53483460160442,0,0,12,online,0
175.56517236115113,0,0,3,online,0
462.8465538965295,0,0,4,in-store,0
9.302292348696195,0,1,21,online,0
65.96854517975169,0,0,3,online,0
600.7992011721863,0,0,17,online,0
441.9351656906972,0,0,5,online,0
121.635052391924,0,0,23,online,0
193.58660574779546,0,0,23,online,0
64.97468397902603,0,0,22,mobile,0
41.6808322872129,0,0,21,online,0
124.61171976081975,0,0,1,mobile,0
87.19070692334667,0,0,22,online,0
175.2487412013286,0,0,10,online,0
16.18445688663696,0,0,13,online,0
732.9920245045134,0,0,4,online,0
856.7731151105077,1,0,5,online,0
239.57277638255786,0,0,9,in-store,0
153.61568688241798,0,0,7,online,0
74.075860310872,0,0,13,mobile,0
336.18143349759936,0,0,23,in-store,0
230.86591672976314,0,0,2,online,0
35.49473082009767,0,1,11,online,0
483.6602183998255,0,0,15,online,0
345.79890227345425,0,0,22,online,0
598.3477050066872,0,0,16,online,0
258.72080083922685,0,0,0,online,0
190.08080391827457,0,0,22,online,0
108.34050131862267,0,0,9,online,0
539.8036723094236,1,1,22,mobile,1
402.078476009384,0,0,9,in-store,0
9.254587730624557,0,1,20,mobile,0
5.344163373302273,0,1,23,online,0
94.46955231665257,0,1,1,online,0
332.72954459921726,1,0,8,online,0
872.8550936440336,0,0,21,online,0
32.60190198689594,1,0,12,online,0
180.34482604314715,0,0,15,in-store,0
95.89473995161923,1,0,17,in-store,0
700.7417108751926,0,0,18,online,0
369.18264148672694,0,0,11,online,0
364.43800929397145,0,0,7,online,0
126.4831142279547,0,0,16,online,0
107.1669872654698,0,1,14,online,0
63.87777843001224,0,1,9,online,0
11.605392768967244,0,0,14,online,0
400.0852280006621,0,0,14,mobile,0
335.22348784998456,0,0,22,online,0
1634.4891195636164,0,0,6,in-store,1
1138.9746801488666,0,0,12,online,1
162.1303185282788,0,0,16,online,0
293.05661804125214,0,1,8,online,0
579.2343365748872,0,0,7,online,0
378.95440294184914,0,0,19,online,0
56.83048891622931,0,0,20,in-store,0
119.7653654799729,0,0,17,in-store,0
27.65926886261773,0,0,12,online,0
616.0447572883418,0,0,15,online,0
186.36954051772364,0,0,8,mobile,0
51.92074508369674,0,0,11,online,0
222.76590783465005,0,1,11,online,0
192.53408694861434,1,0,5,online,0
88.68409245942121,0,0,18,in-store,0
24.107824279693855,0,0,6,mobile,0
222.68825670382043,0,1,2,online,0
146.92208483720754,0,0,15,mobile,0
295.961416192103,0,0,17,in-store,0
146.861972084703,1,0,15,online,0
382.3540222616968,0,0,22,online,0
160.5508238042975,0,0,6,online,0
164.62291619602942,1,0,3,mobile,0
418.5517286459543,0,0,7,online,0
103.3294627976234,0,0,12,in-store,0
28.77759107805979,0,0,12,online,0
5.841004286418936,0,0,16,in-store,0
281.4114905325171,0,0,16,online,0
193.67979341213592,1,1,4,online,1
243.5330695595753,0,0,5,in-store,0
47.896298698688696,0,0,18,in-store,0
29.32251024565573,0,0,12,mobile,0
2.9302952531337563,0,0,13,online,0
86.33745230301385,0,0,21,in-store,0
178.27947513298892,0,1,3,online,0
99.59637351223014,0,0,6,online,0
115.06391256568624,0,0,7,online,0
469.0123045962883,0,0,12,online,0
85.62052288502234,0,0,5,online,0
144.30500561446422,0,0,5,mobile,0
306.1743475439403,0,0,23,online,0
101.01602625983594,0,0,20,in-store,0
194.61809507061707,1,0,2,online,0
396.62812873686136,0,0,2,online,0
597.2380830749336,0,0,12,online,0
31.816375862967195,0,0,21,mobile,0
522.3325526084158,0,1,1,mobile,0
135.50055619910611,0,0,15,mobile,0
59.74709087027915,0,0,21,mobile,0
122.9173934741395,0,0,5,online,0
782.7306195161183,0,0,7,online,0
135.69825853347194,0,0,22,in-store,0
79.72320642009996,0,1,7,online,0
200.69725479153192,1,0,5,online,0
54.92569354312059,0,0,13,online,0
15.779060995247008,0,0,2,online,0
27.595043942483173,0,0,9,online,0
27.403684813401423,0,0,2,online,0
32.951980311334594,0,0,11,online,0
29.89201321350331,0,0,16,online,0
204.8168102151613,1,0,4,online,0
40.149271406896325,0,0,19,online,0
84.82786315896105,0,0,8,in-store,0
454.19482502567155,0,0,20,online,0
128.47622832931873,0,0,19,online,0
220.25781673047612,0,0,6,in-store,0
37.8257034226433,0,0,21,online,0
42.71019619901901,0,2,3,online,0
8.34544254351306,1,1,12,in-store,1
37.00946881311617,0,0,12,online,0
65.3096237262291,0,0,9,in-store,0
38.96236349662159,0,0,17,in-store,0
18.577181572073513,0,0,16,in-store,0
25.711242698670507,0,0,19,online,0
123.52586867307582,0,0,19,online,0
46.218441269019316,0,0,12,online,0
90.5962231021837,0,0,16,online,0
140.00103694286608,0,0,21,online,0
234.49148680250843,0,0,3,online,0
8.021146020003085,1,0,0,online,0
321.2988487652239,0,2,0,online,0
197.71873807345926,0,1,14,online,0
17.05908607526685,0,1,12,online,0
413.6269396976181,0,0,16,in-store,0
507.3387092757856,0,0,23,online,0
12.60456551203268,1,0,7,online,0
64.83536862573015,0,0,17,mobile,0
328.18703664532853,0,0,12,online,0
275.8714480428617,0,0,22,online,0
40.795926412360096,0,0,13,online,0
46.97980623630665,0,0,7,in-store,0
92.55702200487394,0,0,7,online,0
132.53251293372287,1,0,14,online,0
192.6003668117104,0,0,12,online,0
92.06251260007024,0,0,6,mobile,0
124.17822184418353,0,0,4,online,0
275.2457880779685,0,0,16,online,0
7.474590464295693,0,1,15,mobile,0
58.187324376479445,0,0,22,online,0
249.89837499120515,0,1,1,mobile,0
451.1533508661227,0,0,21,online,0
143.35582244168017,0,0,17,in-store,0
151.90590047061377,0,0,16,online,0
22.672267708132676,1,0,6,in-store,0
118.62864921671017,0,0,12,mobile,0
152.121359811058,0,0,17,online,0
55.53856065213066,0,1,13,online,0
62.73492237570877,1,0,17,online,0
94.7329969604944,1,0,12,online,0
4.055072150062903,0,0,10,online,0
77.74495225122715,0,0,20,online,0
47.51138712472597,0,0,20,online,0
79.34984604639654,0,0,15,online,0
25.51262065695625,0,0,22,online,0
442.41597998860493,0,0,16,in-store,0
180.07976277591195,0,0,7,online,0
227.32659157860633,0,0,18,online,0
311.34180647555826,0,0,19,online,0
138.00728436977704,0,0,14,online,0
18.18641890349117,0,0,8,online,0
154.05167265896452,0,0,19,online,0
176.78461157427472,0,2,9,online,0
273.64332976168185,0,1,11,in-store,0
113.00692987659642,0,1,20,online,0
27.296933345862445,1,2,22,in-store,1
66.75243605234078,0,1,19,in-store,0
90.22296509492469,0,0,0,in-store,0
207.64492232437232,0,0,19,mobile,0
169.15634424028391,0,0,8,online,0
88.04135193036123,0,0,21,online,0
861.2391544339624,0,0,14,mobile,0
186.16660169344186,1,1,0,online,1
54.15890575135999,0,0,11,online,0
21.46860092497737,1,3,2,in-store,1
33.17765851796518,1,1,10,in-store,1
56.46136987902819,0,0,1,mobile,0
35.032974990858804,1,0,15,mobile,0
41.29834909091608,0,0,8,in-store,0
67.1211696430893,0,0,14,online,0
38.0804867325774,0,0,11,mobile,0
454.1502898711831,1,0,0,online,0
16.727142518400033,1,0,12,online,0
148.68247002254054,0,0,13,mobile,0
105.66111129786047,0,0,7,online,0
807.7284332031841,0,0,7,online,0
23.76546913948098,0,0,11,online,0
101.45159874848608,0,0,0,mobile,0
697.811932825343,0,0,10,online,0
401.24881239363094,0,1,7,in-store,0
339.73260680723587,0,0,9,online,0
59.65501670670093,1,0,18,in-store,0
37.47990655729751,0,0,10,in-store,0
220.9119197363567,0,1,6,online,0
530.077018991991,0,0,10,online,0
162.73008438094845,1,0,16,online,0
169.5455122917173,1,0,0,mobile,0
65.69500616213017,0,0,20,in-store,0
293.4947516824177,0,0,20,mobile,0
41.41559642921417,0,0,7,online,0
78.21756262384653,0,0,22,in-store,0
110.82891001396611,0,0,23,in-store,0
141.6969925289397,0,2,5,in-store,0
55.52251671392116,0,0,21,mobile,0
24.396654428827087,0,0,17,online,0
188.6399314858713,0,0,5,online,0
68.11267368730836,0,0,4,in-store,0
174.09061365848873,0,2,12,in-store,0
33.53295055413596,1,0,18,online,0
131.22427560570551,0,0,21,online,0
152.10944962581556,1,0,7,online,0
10.642930291424266,0,0,8,online,0
82.07672027608464,0,0,16,online,0
28.86986536638632,0,0,2,in-store,0
13.094451754504977,0,0,18,in-store,0
920.2402622790648,0,0,10,online,0
77.82600450388405,0,1,23,online,0
332.01412275397973,0,0,16,online,0
58.77776685868028,0,0,20,online,0
228.8282702040703,0,0,18,in-store,0
285.6132445656417,0,0,1,mobile,0
181.08931883382795,0,0,7,online,0
127.57132880905435,0,1,18,in-store,0
106.15156270107555,0,1,6,mobile,0
85.80866034079496,0,0,16,in-store,0
530.5112096441562,1,0,5,online,0
355.1214142283596,0,0,18,mobile,0
670.6352778831383,0,0,23,online,0
26.54570836722111,1,0,5,online,0
262.5102726921015,0,0,1,online,0
557.2254530522481,0,2,5,online,0
39.991161940159536,0,0,22,online,0
13.762063494499374,0,0,4,online,0
270.2786306377244,0,0,18,online,0
170.88542883973395,0,0,19,in-store,0
368.8154282642956,0,0,3,mobile,0
30.11164928283852,0,0,21,online,0
317.2100222063736,1,0,16,mobile,0
45.03595461340459,0,0,10,mobile,0
35.7430397931036,0,1,3,in-store,0
35.88893131199014,0,0,12,online,0
337.02065651280174,0,0,19,in-store,0
218.84272780319378,0,1,16,mobile,0
148.07519126920886,0,0,8,in-store,0
88.89228033561363,0,0,3,online,0
419.44053345886647,1,1,22,online,1
99.66254993948898,0,0,13,in-store,0
339.21653256961395,0,0,18,online,0
115.65497622277607,0,0,2,online,0
94.62391316354743,0,0,13,online,0
124.23221197992052,0,1,7,in-store,0
71.72905508612841,0,0,23,mobile,0
275.3554625873879,0,0,0,online,0
139.7205631391192,0,0,9,mobile,0
52.848506199413045,0,0,17,online,0
459.6679699101167,0,0,15,in-store,0
96.86634847174226,0,0,7,in-store,0
156.8564764355527,0,0,0,in-store,0
473.8991217419253,0,0,11,mobile,0
195.75986077146615,0,0,7,online,0
24.862923171555952,0,1,23,mobile,0
562.1233367864418,0,0,15,online,0
197.61538578696525,0,0,17,in-store,0
81.56526311026188,0,0,3,in-store,0
29.995364123285164,1,0,5,in-store,0
316.0002791360534,0,0,11,online,0
193.55510151257047,1,1,8,mobile,1
152.48277160980564,0,0,14,online,0
448.6606661072891,0,0,15,online,0
310.7980027392144,0,1,23,in-store,0
32.898264025268176,0,0,11,online,0
74.7125102791601,0,0,23,in-store,0
57.133923709767586,0,0,22,online,0
272.47361237368233,0,0,13,online,0
6.821507971567586,0,0,12,in-store,0
168.7427112772286,0,0,1,online,0
287.48274317195575,0,1,2,online,0
418.7334688771876,0,1,23,in-store,0
83.73491870901854,0,0,21,online,0
344.3615927082006,0,0,9,in-store,0
23.448777019755468,0,0,8,online,0
374.7487914423375,0,0,19,in-store,0
27.275926105614168,1,0,7,in-store,0
101.26292624197286,1,0,9,in-store,0
319.201072665298,0,0,18,online,0
32.48435798408323,0,0,2,in-store,0
52.078604488950184,0,0,23,in-store,0
256.2086195289811,0,1,4,in-store,0
254.61923439833893,0,0,2,online,0
204.96884174747817,0,0,15,mobile,0
236.8003418175234,0,0,16,in-store,0
156.49382023912764,1,0,14,online,0
58.01673985188198,0,0,2,online,0
84.83663875865268,0,0,11,mobile,0
40.08025490330637,0,0,8,online,0
478.17522786473035,1,0,20,mobile,0
175.1218109273197,0,0,11,in-store,0
102.44913189580447,0,1,14,in-store,0
123.98150126423266,0,0,1,online,0
588.5647473994422,0,0,22,online,0
33.293910025700136,0,0,17,mobile,0
176.48892182171082,0,1,19,online,0
140.99888815863545,0,0,11,in-store,0
189.06886360061455,0,1,22,online,0
3.655236081299447,0,0,3,online,0
411.3387045081393,0,0,22,online,0
537.9977073382504,0,0,15,online,0
166.54309278867953,0,0,22,mobile,0
238.57414810519165,0,2,15,online,0
511.49387156912525,0,0,0,online,0
245.67949067850364,1,0,21,online,0
33.102101824824345,0,1,1,online,0
171.74042997051205,0,0,2,online,0
186.644171406803,0,0,20,mobile,0
110.37490078456422,0,0,19,online,0
266.6980607766784,0,0,16,online,0
544.735377152495,0,0,19,online,0
519.5752426108235,0,0,21,mobile,0
119.87285926072353,0,1,20,online,0
24.035740910356836,0,0,0,online,0
837.8347978241413,0,1,19,in-store,0
365.1436221636886,0,0,5,online,0
26.62919194341268,0,0,14,online,0
507.2615881926552,0,0,13,online,0
407.88478624537265,0,0,19,in-store,0
146.31027719372983,1,1,14,online,1
178.94275736581497,0,0,13,in-store,0
101.83296868180271,0,0,20,in-store,0
11.263629848658757,0,1,23,online,0
81.65297726014823,0,0,4,online,0
324.7615822132357,0,0,5,online,0
0.928556813268577,0,0,16,in-store,0
81.14277931803375,0,0,10,online,0
101.55561897093564,0,1,15,online,0
154.17660482477635,0,0,11,online,0
504.7850952306083,0,0,14,mobile,0
85.03542217815802,0,1,22,online,0
85.22129719169905,1,0,3,mobile,0
267.50179033311315,0,0,17,online,0
120.37555469846788,0,0,20,online,0
50.87649474054508,1,0,2,online,0
120.45647011523101,0,1,21,online,0
30.36398438627741,0,0,7,online,0
38.81090064161935,0,0,22,online,0
137.97760856056354,0,0,2,mobile,0
108.5752432512014,0,0,7,in-store,0
492.65854705056256,0,0,17,in-store,0
90.00691660794566,0,0,9,online,0
173.7804767570544,1,0,19,online,0
200.0781545035696,0,0,16,online,0
2.6361889651318453,0,0,7,in-store,0
217.8536394071978,0,0,22,mobile,0
39.21172803984964,0,0,10,online,0
649.1996544544853,0,0,4,online,0
32.18938086203602,1,0,12,online,0
107.10022290732138,0,0,20,online,0
17.842687530100626,0,0,22,online,0
1153.6163230301518,0,0,4,in-store,1
139.50937313164522,1,0,23,in-store,0
180.96386481778916,0,0,12,online,0
13.886410165650833,0,0,5,online,0
277.22725104319983,0,1,4,mobile,0
47.12056765005264,1,0,8,online,0
456.66297136232606,0,0,15,online,0
45.91776563216667,1,0,1,online,0
42.31408596176317,0,0,0,online,0
7.446868371534434,0,0,7,online,0
127.75715865909278,0,0,18,in-store,0
166.4088207352361,0,0,10,online,0
13.593388035831294,0,0,11,online,0
298.80051871967447,0,0,11,in-store,0
120.76693005872434,0,1,6,online,0
148.63153091851936,0,0,12,mobile,0
116.23629435751606,0,0,7,mobile,0
102.41964025498427,1,1,21,online,1
164.03269142757495,1,0,8,in-store,0
33.7406013521911,0,0,6,online,0
40.1610172417251,0,0,20,mobile,0
395.78986565922804,0,0,23,online,0
584.182341852937,0,0,14,mobile,0
93.46043749502772,0,0,1,in-store,0
63.1462731385332,0,0,22,online,0
206.56465301889142,0,0,19,online,0
105.09791352144926,0,0,11,mobile,0
5.142829746529406,0,0,0,mobile,0
33.956720659902125,0,0,22,online,0
251.7366519706091,0,0,21,in-store,0
215.12995646350714,0,1,7,online,0
5.493971576888019,0,0,4,online,0
50.198594773341,0,0,14,online,0
52.5523157901862,0,1,0,online,0
222.88294456557037,1,0,0,in-store,0
3.981476258427881,0,0,9,online,0
21.987211720274562,0,0,21,in-store,0
321.8036854592483,0,0,9,online,0
39.33554189035707,0,0,20,online,0
211.53981778411537,0,0,14,online,0
54.40972444179904,0,1,16,online,0
20.948006696974264,0,0,21,online,0
55.723903282289456,1,0,5,online,0
256.2189626194064,0,0,2,online,0
387.1672674907859,0,0,12,online,0
354.65019999511287,0,0,15,online,0
101.22849789501768,0,0,7,online,0
220.575355680919,0,2,14,mobile,0
45.878682065796156,0,0,16,mobile,0
69.38671772250336,0,1,16,online,0
453.3197257261809,0,1,21,online,0
2.6174376792570007,0,0,12,online,0
17.877427926089826,0,0,16,mobile,0
46.61005604796304,0,0,5,online,0
5.378107044863377,0,0,16,online,0
40.04060065805455,0,0,15,online,0
174.95374574887333,0,0,13,online,0
109.43726367356008,0,0,12,online,0
446.3726041643655,0,0,5,in-store,0
340.1391806038957,1,1,2,online,1
83.6545610338064,0,1,13,in-store,0
60.06525042945571,0,0,13,online,0
95.50796162170755,0,1,14,online,0
178.46355002866105,0,0,7,mobile,0
62.41234196305457,1,0,14,online,0
195.71244910941752,1,0,21,in-store,0
105.32720785596223,0,0,12,online,0
160.61347330296888,0,1,16,online,0
114.58507901822242,0,0,20,mobile,0
69.75999505246662,1,0,23,online,0
593.0534442304407,0,0,2,mobile,0
288.4509007465272,0,0,5,online,0
30.19089962460417,0,0,4,mobile,0
405.70098554386476,0,0,21,online,0
133.6640659323833,0,0,16,online,0
449.90789805794867,0,0,22,in-store,0
321.7428907859801,0,0,1,mobile,0
110.75132385172147,0,0,14,mobile,0
4.545117895508024,0,0,4,in-store,0
62.580109555297334,0,1,19,mobile,0
156.01755113595925,0,0,5,online,0
200.73946638690728,0,0,5,online,0
59.650935985787775,0,0,17,online,0
30.014883766143107,0,0,17,online,0
360.27741743247833,0,0,3,online,0
832.1248326374467,0,0,16,online,0
149.1789093944174,0,0,13,online,0
37.67097273201478,0,0,13,in-store,0
63.575294345786574,0,0,12,online,0
3.7123774821532014,0,0,6,online,0
491.3777055387114,0,0,11,online,0
25.0562087692406,0,1,22,in-store,0
171.84813377363116,0,0,14,in-store,0
64.05626572055859,0,1,18,in-store,0
161.56710308139705,0,0,10,online,0
210.7777267972054,0,0,14,online,0
354.087838484472,0,0,11,online,0
46.24050550090717,0,0,2,online,0
2.211345926339439,0,0,16,online,0
29.441614137478105,0,0,2,online,0
460.55430577063635,0,0,18,online,0
414.1202704106245,0,0,19,mobile,0
181.9688620392985,0,1,3,mobile,0
183.51674370106937,0,0,2,online,0
218.7468458815025,0,0,15,online,0
38.56440572771043,0,0,11,online,0
491.6419121542603,0,1,7,online,0
108.52192686926361,1,0,23,mobile,0
96.62215986557369,1,0,16,online,0
146.3433865245362,0,0,6,in-store,0
9.620932858395443,0,0,10,online,0
36.372341009854466,0,0,17,mobile,0
267.90781808479267,0,0,0,online,0
17.285655134368717,0,0,2,in-store,0
184.8404437970231,0,0,3,online,0
56.300006720088156,0,1,12,in-store,0
98.62845138503768,0,1,5,online,0
68.1304383908292,0,0,13,online,0
87.9096955445707,0,0,4,mobile,0
253.91279732773734,0,0,15,mobile,0
70.51430792111017,0,0,14,mobile,0
167.12870614114044,0,0,14,in-store,0
129.27195733805235,0,0,3,in-store,0
217.93318461853568,0,1,7,online,0
552.3843295025938,0,0,15,online,0
263.7810542510086,0,0,15,online,0
48.39912264880946,0,0,3,in-store,0
6.335935764851569,0,0,12,online,0
60.833860401117576,1,0,12,online,0
180.81213037461944,0,0,1,online,0
10.559055619954936,0,0,2,in-store,0
137.18119120523778,1,0,21,online,0
181.68576799751204,0,0,7,online,0
81.36637558762007,0,1,23,online,0
294.72999182934694,0,0,14,online,0
22.543782952935597,0,0,10,online,0
15.622101158449404,0,0,8,in-store,0
260.52948204327856,0,0,6,in-store,0
136.83404533261373,0,0,12,in-store,0
233.2085311466282,0,0,1,online,0
114.12479982577146,0,0,7,in-store,0
56.579250751706326,0,0,6,online,0
341.96473971423916,0,0,23,online,0
321.304312792038,0,1,11,in-store,0
237.28976394182428,0,0,18,online,0
63.53072299760642,0,2,6,online,0
178.43217594469286,0,0,9,mobile,0
89.56199511596441,0,0,15,online,0
19.210146921330644,0,2,2,in-store,0
498.5399687075283,1,0,9,online,0
29.426089763904006,0,0,5,in-store,0
600.0981306245525,0,0,17,online,0
118.12020255817444,0,0,17,online,0
